{"cameraMode":{"drawMode":0,"name":"Shaded","section":"Shading Mode"},"sceneLighting":true,"audioPlay":false,"sceneViewState":{"showFog":true,"showMaterialUpdate":false,"showSkybox":true,"showFlares":true,"showImageEffects":true,"showParticleSystems":true},"in2DMode":false,"pivot":{"x":-1.149999976158142,"y":1.2000000476837159,"z":1.940000057220459},"rotation":{"x":-0.16242358088493348,"y":0.5288398265838623,"z":-0.10381058603525162,"w":-0.8275754451751709},"size":8.916114807128907,"orthographic":false}